Video,Video title,Video publish time,Views,Watch time (hours),Subscribers,Impressions,Impressions click-through rate (%)
Total,,,7551,209.7063,70,65858,5.43
jZmhtqlAXWM,김동연의 송곳질문 부동산 폭락사태? 311만호 공급? (한판승부 대선토론 김동연vs이재명),"Feb 8, 2022",753,13.2503,7,6498,6.11
a1rXB7LEIF0,자녀이야기 EP 4. 첫째아들편 - 김동연의 진심,"Feb 7, 2022",1283,37.1826,5,8088,7.81
a0PK_43VSUY,"김동연의 따끔한 일침, '650개 공약, 얼마나 드는지 계산해보셨습니까?'  (한판승부 대선토론 김동연vs이재명)","Feb 5, 2022",408,6.1489,4,3746,5.47
oQq9UybYZ-M,"[공식] 김동연 제 20대 대통령선거 출마 선언 | 새로운 10년, 조용한 혁명 (4K)","Sep 8, 2021",210,8.27,4,1244,6.27
FoXS00VlnYA,"김동연의 홍대 로드투어 중 타로 점괘, 100%의 승리보다는...","Jan 17, 2022",19,0.5217,3,196,3.06
fm2w25t8VBs,3선 초과 연임금지 꼼수다! (한판승부 대선토론 김동연vs이재명),"Feb 3, 2022",177,3.2446,3,2150,4.47
1MVekPGMJrE,"패러다임 전환, 이후의 교육이 가야할 방향","Feb 10, 2022",748,16.7565,2,6262,5.19
3f8xa0TOgQM,문재인 정부의 정책에 대한 공과 과? 저는 소신껏 목소리를 냈습니다 #shorts,"Nov 12, 2021",91,0.9048,2,22,0
R8733uXg_co,"대장동 의혹, 이렇게 견고한 '기득권 카르텔' 을 어떻게 깨야할까요? #shorts","Oct 2, 2021",504,4.5034,2,1167,10.97
W7VjPAnCo_M,김동연-이재명 대선후보 정책토론회,"Feb 2, 2022",293,42.0192,2,3506,5.85
bC0NOfMPKvU,"김동연 후보, ""기득권 공화국에서 기회의 나라로""","Feb 9, 2022",920,31.0449,2,7497,6.51
NvR-kE2GcFc,김동연이 제시하는 ‘여야정 공통공약추진위원회’ #Shorts,"Aug 9, 2021",19,0.1158,1,34,2.94
XMhR6f8yv6s,김동연 대통령 예비 후보 AI 아바타 winDY(윈디),"Dec 7, 2021",17,0.1393,1,58,17.24
i4uTdgUDRC0,"여성가족부 폐지, 김동연의 생각은?","Jan 28, 2022",60,0.9211,1,540,7.04
jshlTHurIDc,[풀영상] 김동연 '새로운물결' 창당 발기인 대표 연설,"Nov 3, 2021",3,0.2659,1,66,4.55
nBD8uiy04n8,김동연이 진단한 대한민국의 문제점은 이것입니다 #shorts,"Sep 28, 2021",51,0.5914,1,198,18.69
 -GqLHgyHa0A,김동연TV 시작합니다!,"Sep 7, 2021",9,0.0538,0,76,3.95
0FWwGo1pzEw,"[제보영상] 김동연, 붕어빵 제조 소신 발언","Dec 25, 2021",22,0.2012,0,308,4.22
0I63X9P_A4k,익숙한 것들과의 결별이 필요하다! | 경제 아카데미 김동연 특강 | 김동연TV,"Sep 27, 2021",1,0.0076,0,63,1.59
0ltYHIjT9J4,"화장실도 없는 판잣집, ""제게는 위장된 축복이었습니다”","Jan 30, 2022",81,4.0454,0,865,6.82
19wqeMk53is,주가가 떨어지는 걸 원하는 CEO들이 있다? (feat.상속세 김동연),"Jan 14, 2022",12,0.343,0,194,2.58
27_C1g5TaVg,[LIVE김동연] 경희대학교 초청 토크콘서트(21.12.13) 라이브 풀버전,"Dec 13, 2021",7,1.0314,0,155,3.23
2KwTCep31js,"금태섭, 진중권, 권경애와 함께 선거 이후를 고민하다 | 선후포럼 EP 6-1 | 김동연TV","Oct 20, 2021",5,0.7559,0,109,3.67
4C5d8euytNc,이철희 청와대 정무수석께서 대통령 축하 난과 함께 캠프를 방문했습니다 | 김동연TV,"Nov 15, 2021",3,0.0126,0,28,0
4NgGsUO9k3E,긴급3자회동 #Shorts,"Dec 20, 2021",7,0.0207,0,169,1.18
4bsHlVdU2MU,한 국가의 지도자가 공감 능력을 갖지 못한다면.. (feat. 개사과),"Oct 25, 2021",47,0.3916,0,684,3.51
5Ne8WM6IfMI,"김동연 후보의 아내 정우영 여사, 독거노인에 직접 만든 도시락 배달","Jan 28, 2022",14,0.1145,0,457,2.41
5RTFgwiSix8,김동연의 미보라 2화 | 로스쿨? 사법고시 부활? 청년들의 고민 그리고 김동연의 생각 | 김동연TV,"Oct 25, 2021",5,0.2436,0,50,10
5c_SHHKh7t8,전국방문요양협회 지부장 간담회,"Dec 17, 2021",4,0.0903,0,91,2.2
5cc_HGR9xfU,[LIVE 풀버전] 김동연과 맞짱TALK - 4화 인간 김동연,"Jan 3, 2022",5,0.0849,0,136,2.21
5p4CWj2DRvY,"윤석열, 최재형 후보와는 조금 다른 결의 후보","Nov 2, 2021",46,0.541,0,243,14.4
69jcenKbbwk,대한민국의 미래에게 현재를 물어봤습니다 | 아이들이 말하는 대한민국 | 김동연TV,"Sep 18, 2021",3,0.1697,0,22,4.55
6eS-qNIp67k,[LIVE] 새로운물결 부산시당 창당대회 라이브 | 김동연TV,"Nov 28, 2021",7,0.6319,0,490,0.41
7CSNFe0yQNo,불안한 자 누구인가 #Shorts,"Dec 6, 2021",2,0.0077,0,18,0
7dC5HbNNTjU,[Teaser] 김동연의 어촌일기 | 서산 한 어촌마을을 찾은 김동연의 리얼 유기농 라이프,"Sep 10, 2021",1,0.0039,0,25,4
7q8sEoqtG9I,"법과 밥의 대결, 이재명, 윤석열과 김동연의 차이 #shorts","Nov 15, 2021",10,0.1126,0,9,0
8UwVcMyyDBI,"[LIVE] ""새로운물결"" 창당발기인 대회 현장 라이브","Oct 24, 2021",5,0.2242,0,65,3.08
9U9Nmq0nNYw,"1호 공약 브리핑 둘째, 공직 입문의 기회를 더 넓고 더 고르게 만들겠습니다 #shorts","Nov 6, 2021",3,0.0281,0,3,0
9kHzDlZWh7g,흙탕물 같은 대선 #Shorts,"Dec 23, 2021",59,0.4826,0,478,6.49
A5qry2kYZDA,"김동연캠프 긴급기자회견, “국민께 드리는 김동연의 지부상소”","Jan 21, 2022",14,1.0914,0,315,2.86
AuCJlppOZvQ,[LIVE 풀버전] 김동연과 맞짱TALK - 1화(21.12.12),"Dec 13, 2021",1,0.0014,0,59,1.69
BHzrIvGC6IM,심리가 잡히면 부동산 문제가 해결됩니다.(feat. 김동연의 3가지 처방),"Jan 27, 2022",17,0.2843,0,415,3.13
Bzi16YAeYuU,윈디캠프 청년대변인 지원자 전격 공개‼️ | 김동연TV,"Nov 11, 2021",8,0.2401,0,102,6.86
CE_DGHcW5YU,김동연이 여・야당의 러브콜을 모두 마다한 이유,"Oct 6, 2021",1,0.015,0,7,14.29
CKaFVccffGM,[맞짱토크 2화 하이라이트]  정치개혁과 권력구조 개혁,"Dec 23, 2021",1,0.0316,0,77,1.3
Cydg0N0U9UA,[현장스케치]아동복지 토론회,"Dec 28, 2021",15,0.2683,0,333,3.3
D-0uuPSN6mY,김동연과 가장 케미가 맞았던 대통령은? 이명박? 박근혜? 문재인?,"Oct 8, 2021",48,0.5246,0,24,4.17
DtmjjQeiAbI,맞는 말 #Shorts,"Dec 5, 2021",2,0.008,0,20,0
EUiCa4GkhB4,김동연이 청년들에게 진심인 이유,"Nov 20, 2021",24,1.4787,0,310,6.13
F08t3QLYD8o,"소상공인 지원, 정치인부터 허리띠 졸라맵시다.","Jan 23, 2022",79,0.7042,0,839,2.26
FKptcSIm5rQ,"김동연, 문재인정부 항명파동 “지금 대통령에게 항명합니까?”","Jan 9, 2022",51,2.5982,0,316,12.66
FtEFapMQlyU,"도둑맞은 슬로건, 판단은 여러분께 맡기겠습니다 #short","Nov 6, 2021",4,0.0266,0,16,0
FzaZ82mqGI0,1호 공약으로 공무원 5급 행시를 폐지 하겠다고 한 이유,"Oct 27, 2021",20,0.2625,0,57,10.53
G4TeihMIcAc,추위에 떨던 유기견 '물결이' 분양,"Jan 18, 2022",92,0.4856,0,599,2.34
HD6UVp0ucQc,선전포고 #Shorts,"Dec 5, 2021",3,0.0189,0,20,0
HE5EEWwVl3k,"환경을 지키는 어린이들과 함께한 '괜찮아, 지구야' 캠페인 | 김동연TV","Nov 16, 2021",3,0.0315,0,26,0
HIXiFK_OICc,"[2호 공약 발표] 수도권 공화국 대한민국, 해결할 수 있을까요? | 김동연의 미보라 4화 | 김동연TV","Nov 14, 2021",1,0.2155,0,23,0
HJ14p89uAPs,"1호공약 브리핑 셋째 관피아, 공피아, 사법계의 전관예우를 없애겠습니다","Nov 8, 2021",4,0.0384,0,10,10
HMMgn94y56A,"""붕어빵 틀에 밀가루 부어봐야 붕어빵"" | CBS 한판승부 하이라이트 | 김동연TV","Oct 15, 2021",2,0.0108,0,36,2.78
HSWOF7KtWEY,"기후변화는 미래 3대 도전과제, 말이 아닌 실천으로","Jan 26, 2022",22,0.2577,0,363,5.23
IERfxK3smoU,오징어게임 달고나 장인이 김동연을 응원하는 이유,"Nov 9, 2021",3,0.1127,0,36,8.33
IW6lyWBHcRw,"""김동연의 골든타임이 곧 올것이다"" | JTBC 썰전라이브 하이라이트 | 김동연tv","Sep 24, 2021",1,0.0178,0,15,6.67
IpuSH-95_iw,"대통령 선거 제3지대 10년 주기설, 이번에는...? #shorts","Nov 15, 2021",9,0.0602,0,16,0
JJWuhNHOW0k,[맞짱토크 하이라이트] 대한민국 금기깨기,"Dec 21, 2021",2,0.0324,0,69,1.45
JL9eDA-aN2M,결혼이야기 EP 2. 그림엽서편 - 김동연의 애심,"Dec 27, 2021",16,0.4246,0,160,6.88
JRfB7wdFAK4,"새로운 대한민국, 새로운 물결을 만드는 김동연 연설","Nov 2, 2021",5,0.0389,0,8,25
JtOehZHtXus,"""메타버스는 신대륙"" - 코인플러그와 이야기를 나누었습니다 (feat. 국내 1위 블록체인 기업)","Jan 14, 2022",9,0.3928,0,167,3.59
KVBl6ypMRkg,삼성디스플레이 2030세대 직원들을 만난 김동연 후보,"Jan 19, 2022",14,0.3288,0,285,3.86
KVhgi1EB_7k,"[하이라이트] 김동연 제 20대 대통령선거 출마 선언 | 새로운 10년, 조용한 혁명","Sep 11, 2021",13,0.2846,0,26,7.69
KygoMgAOZBM,[신년사] 2022년 새해가 밝았습니다. 새해 복 많이 받으세요,"Dec 31, 2021",8,0.0466,0,188,2.66
L4XrMyA9yE4,김동연이 공무원 개혁을 해야한다고 말하는 이유,"Oct 26, 2021",9,0.0635,0,8,12.5
L68pJuZlWqM,"김동연 대통령후보, “대한민국, 중소기업 중심체제로의 전환” - 중소기업중앙회 신년사","Jan 6, 2022",2,0.0036,0,109,0.92
MwiAbN8UmTU,2030세대를 이해한다구요? 솔직해집시다 기성세대 여러분 #Shorts,"Nov 22, 2021",12,0.0724,0,27,18.52
NoCqFK_SasQ,김동연이 진단하는 대한민국의 현재는? #Shorts,"Aug 9, 2021",8,0.0684,0,5,0
O4XnGTQkU7c,김동연 대선 4호 공약 : 28 대 1 부동산 1호 대책 - 세제 개편 | 김동연TV,"Nov 26, 2021",6,0.3371,0,456,1.1
O7Cw6X__5Vw,"김동연 지지율, 새로운물결 성공 가능성? | KBS 디라이브 하이라이트 | 김동연TV","Nov 20, 2021",8,0.4429,0,298,2.01
OkXjeKso1hE,"“김종인과 조찬회동, 어떤 이야기 나눴나” | MBC 뉴스외전 줌인 하이라이트 | 김동연TV","Oct 13, 2021",1,0.1452,0,13,7.69
PPGfm_GIckQ,홍대에서 청년예술가를 만나고 왔습니다,"Jan 12, 2022",3,0.0541,0,147,0.68
QaatVYbXGGw,[김동연의 V-LOG] #1 100분토론 비하인드스토리,"Dec 13, 2021",4,0.0451,0,52,5.77
R9zMYMWpkzQ,"[수어통역버전] 김동연 제 20대 대통령선거 출마 선언 | 새로운 10년, 조용한 혁명 [4K]","Sep 8, 2021",1,0.0038,0,22,4.55
RBHjaUQ-pkk,미래당 오태양 대표의 김동연 후보 지지선언! (새로운물결 X 미래당),"Jan 6, 2022",7,0.1539,0,206,1.94
RceFGHITxgU,싹쓸이 #Shorts,"Dec 6, 2021",6,0.0105,0,22,4.55
RmQ8TcLXTQ4,"김동연의 1호 공약 브리핑 첫째, 공무원 철밥통 깨기 #shorts","Nov 5, 2021",4,0.0397,0,8,0
RvQCqMgxbpg,김동연 어디서 많이 들어본 말인데.. #shorts,"Nov 7, 2021",6,0.0456,0,12,25
T7T-q2LLnwA,윤짜장 vs 이짬뽕?? 중국집에 메뉴 많습니다,"Nov 10, 2021",31,0.1627,0,18,0
THZo5d-wgyc,캠프에 있는 20대분들과 토론하면서 느끼는게.. #shorts,"Nov 5, 2021",5,0.0689,0,7,14.29
TLjNrz1izcU,"[마지막화] 김동연의 이야기, 대변인과 눈물을 쏟은 이유 | 김동연의 미보라 6화 | 김동연TV","Nov 30, 2021",2,0.1211,0,46,4.35
TRSiC7ySoeo,5급 행시 공무원 출신이 공무원 개혁을 외치는 이유 (비하인드),"Oct 28, 2021",132,0.7838,0,1035,4.25
Tq0Ou6o7qKA,100만원? 50조? 미래를 위해 정말 필요한 것은 무엇일까요? #Shorts,"Nov 29, 2021",5,0.0431,0,25,12
UTDk2Q_EpRQ,[LIVE 풀버전] 김동연과 맞짱TALK - 3화 손실보상금 지원 등 코로나 위기 극복 방안,"Dec 27, 2021",7,0.055,0,195,1.03
UegCVTwf3y0,"판잣집 소년가장 출신, 김동연의 원동력은? #shorts","Jan 17, 2022",132,1.2705,0,1177,6.46
V9K2Z4Drc3o,청년대변인 3차 Final 평가 면접영상 전격공개 ‼️ | 김동연TV,"Nov 21, 2021",2,0.0194,0,37,5.41
VTj96xAM2eY,"[청년과의 만남]김동연, 청년의 바다에 빠지다! '경희대학교 학생회 초청 토크콘서트 이모저모'","Dec 15, 2021",4,0.0605,0,83,4.82
W4u6C5a7gPU,모 후보의 '전두환 발언' 에 대한 김동연의 생각,"Oct 22, 2021",52,0.3902,0,292,4.11
WHKLyfmaHtQ,[LIVE 풀버전] 김동연과 맞짱TALK - 2화(21.12.19) #김동연 #새로운물결 #대통령후보,"Dec 20, 2021",4,0.0093,0,115,3.48
X4WzMj6Ew1U,"김동연 대선 2호 공약 : 국가균형발전, 5개의 서울을 만들겠습니다 | 김동연TV","Nov 10, 2021",6,0.2249,0,99,5.05
X_nIgDOeRBY,[대전 방문 일정] 대전에서 지지자들을 만나고 미래를 이야기 했습니다 | 김동연TV,"Nov 1, 2021",1,0.0071,0,19,0
YHUpzhxfnrc,두 후보 모두 재정의 1도 모르고 하는 소리 #shorts,"Nov 16, 2021",14,0.1348,0,50,2
YXJs6RxHIQc,[맞짱TALK 하이라이트] 소상공인 이대로면 다죽는다진짜 아는 '넘' 김동연의 이야기,"Dec 27, 2021",6,0.1657,0,95,5.26
YuT10-CATwc,"신용등급 하락위기, 세계 3대 신용평가사를 만난 김동연의 승부수!","Jan 11, 2022",7,0.2827,0,162,3.09
YvEC5EFXgK8,국가채무비율이 OECD평균보다 낮다고 아무렇게나 돈쓰면 안 되는 이유,"Nov 10, 2021",25,0.2278,0,117,5.98
ZT3evFi1Rr0,[점자의 날 특집] 김동연의 미보라 3화 | 행시 폐지에 대한 오해와 진실 그리고 대한민국에서 시각장애인으로 살아간다는 것 | 김동연TV,"Nov 4, 2021",4,0.0627,0,21,14.29
ZcVK29hCZwU,[메이킹] 청년들과 함께 한 출마선언 영상 제작 비하인드 ‼️ NG모음집 | 김동연TV,"Sep 11, 2021",6,0.1159,0,24,0
ZiPfWZqTTTM,프롬프터..? 그게 뭐죠..? 프롬프터 없이도 합니다 #shorts,"Nov 23, 2021",19,0.2733,0,151,4.64
ZvJtStunZ7Q,"대한민국 미래를 위한 투자, 김동연과의 과학정책 대화","Feb 4, 2022",72,4.9496,0,819,3.17
_DL_Fr0N4Vc,"코스피 1000 붕괴 패닉, 김동연 “끝을 봐야합니다”","Jan 10, 2022",5,0.1995,0,127,3.15
_qlJyR6nUnY,윤석열 대선 슬로건 표절? 베끼기가 '공정과 상식'? | 김종배의 시선집중 하이라이트 | 김동연TV,"Nov 8, 2021",1,0.0134,0,29,0
_t3RL_kq6Gc,김동연이 말하는 세가지 모빌리티 혁명 | MBN 보고대회 축사 | 김동연TV,"Nov 24, 2021",2,0.0728,0,61,1.64
afACbxVZqYQ,찢었다 #Shorts,"Dec 5, 2021",6,0.0162,0,17,11.76
bEyuw74MH94,"김동연 대선예비후보, 광주 5.18 민주묘지에 다녀왔습니다 | 김동연TV","Nov 19, 2021",1,0.0127,0,29,0
bL-4OFAfwfY,[현장스케치] 청주지역 버스기사님 간담회,"Dec 24, 2021",3,0.0659,0,231,1.3
d5v8EfgwlfE,"대한민국 부동산 문제, 과연 해결이 가능한가요? | 청년들이 말하고 김동연이 듣는다! 청년 비(飛)정상회담 02화 '부동산'편","Oct 4, 2021",4,0.5646,0,59,5.08
d6hWkapXkhQ,"수시 vs 정시, 뭐가 더 공정하다고 생각하세요? | 청년들이 말하고 김동연이 듣는다! 청년 비(飛)정상회담 01화 '대입 제도'편","Sep 19, 2021",2,0.0075,0,27,0
d7j5O5n6LGs,천안여고인들의 유쾌한 반란 특별강연  이모저모,"Dec 16, 2021",8,0.1674,0,173,1.73
dR_zcCtp_lU,“이제는 정치판을 바꿔야 할 때” | YTN 이동형의 뉴스! 정면승부 하이라이트 | 김동연TV,"Oct 8, 2021",2,0.0258,0,13,15.38
dsw_m9wdOcc,대통령예비후보 김동연 후원회 개설 | 김동연의 든든한 지원군이 되어주세요,"Sep 15, 2021",8,0.0372,0,19,10.53
dtN1nYzcY_E,[반려동물의 날 특집] 유튜버 초식마녀와 함께한 비건 식사 | 다이너재키 | 김동연tv,"Oct 28, 2021",3,0.0149,0,39,0
duc0JdawfPo,자녀이야기 EP 3. 미국출산편 - 김동연의 부심,"Jan 24, 2022",49,0.9607,0,349,10.03
e3X323p1kbg,윈디캠프 크루에 지원해주신 여러분 감사드립니다,"Oct 23, 2021",7,0.0312,0,47,2.13
eDIRWh2nAow,지금 대선 상황을 요약하자면? #Shorts,"Dec 13, 2021",31,0.0932,0,133,6.77
e_Wz397qums,[풀영상] 서울권대학언론연합회 김동연 초청 간담회 | 김동연TV,"Dec 5, 2021",9,1.6426,0,115,6.96
eeE_uAhJc3k,"김동연 대선후보, 옥소폴리틱스에 본인등판!","Feb 13, 2022",4,0.098,0,0,
eiZJDSCXkwU,김동연 대선 3호 공약 : 교육의 세습주의를 깨겠습니다 | 김동연TV,"Nov 17, 2021",3,0.1989,0,84,2.38
fRZKhN9BjDA,"청년들이 말하고 김동연이 듣는다! 정시 vs 수시, 정시는 과연 공정할까요? #Shorts","Sep 24, 2021",2,0.0102,0,13,15.38
fUe0KfgEYoI,해친 자 누구인가 #Shorts,"Dec 6, 2021",5,0.0606,0,25,4
gI19LGjmzVc,김동연이 진단하는 대한민국의 핵심문제는? |  『대한민국 금기깨기』 북 콘서트 1화,"Sep 7, 2021",7,0.6771,0,63,4.76
gTL15v0ROSA,김동연 대선 1호 공약 : 공무원 철밥통을 깨는 개혁을 하겠습니다 | 공무원 개혁 01 | 김동연tv,"Oct 26, 2021",4,0.0762,0,27,11.11
gma0pK8ibeM,"대한민국 사회의 소득양극화, 부의 불평등이 계속 된다면?","Nov 2, 2021",4,0.029,0,16,6.25
grzpPq1HQCI,김동연이 민주당의 종로 지역구 후보로 나올 수도 있다? #shorts,"Nov 10, 2021",15,0.1101,0,179,5.59
hnOQeyYO28Q,만약 김동연이 '오징어게임' 성기훈이었다면?,"Oct 18, 2021",1,0.0115,0,9,11.11
huXdCYHVPDs,김동연이 말하는 기본소득과 참여소득 |  『대한민국 금기깨기』 북 콘서트 3화 | 김동연tv,"Sep 24, 2021",1,0.4281,0,31,0
i4UVYLZ372s,김동연은 조용한 후보다? 묵묵히 제 길을 가고있습니다.,"Oct 10, 2021",1,0.001,0,9,11.11
i6MYaurbWwM,"옛날로 돌아간다면, 또 공무원 하시겠습니까? #shorts","Nov 7, 2021",7,0.035,0,11,0
ic1Ka7VPv8Y,"25조, 50조 재난지원금? 국가재정을 알면 그런소리 못합니다 #shorts","Nov 10, 2021",10,0.1835,0,5,0
iykDkjdxwHY,김동연 대선 5호 공약 : 권력구조 대개혁 하겠습니다 | 김동연TV,"Nov 30, 2021",11,0.5713,0,520,2.12
j6wFp7BtINE,"""난 잘 몰러유~ 바다 문제는 어부들이 더 잘알지!"" | 서산 어촌마을을 찾은 대통령 예비후보의 리얼 유기농 라이프 《김동연의 어촌일기🐟》 | 김동연TV","Oct 15, 2021",2,0.2655,0,9,0
jR1zgNvIoTo,소녀가장에게 주어지지 않은 것은? 김동연이 받은 손편지의 사연,"Jan 25, 2022",19,0.4888,0,369,2.17
jaq2_3BEc-I,[예고] 김동연-이재명 대선후보 정책토론회 (2월 2일 저녁 6시25분 시작),"Feb 1, 2022",32,0.183,0,1227,1.3
jiYcs7_YhGQ,"다산 정약용, 그 뜻과 길을 따라 강진에 다녀왔습니다 | 김동연TV","Nov 14, 2021",2,0.0135,0,31,3.23
k0J5-wwx3_I,"이재명, 윤석열 후보님, 만납시다! (국민께 드리는 김동연의 지부상소 by 김동연)","Jan 22, 2022",15,0.1272,0,261,3.83
kY-RlKue1Xk,"김동연 먹방 모음집 in 어촌일기 (feat.소라찜, 해물라면) #shorts","Nov 12, 2021",12,0.1292,0,19,10.53
m5yNVUB2jo4,[현장스케치]  광장시장 상인 분들과의 만남,"Dec 23, 2021",5,0.1633,0,211,1.42
n4DacX6f5t8,김동연 대선 1호 공약 : 5급 행정고시를 폐지하겠습니다 | 공무원 개혁 02 | 김동연tv,"Oct 26, 2021",3,0.0203,0,58,5.17
nA-BvlXCAI0,오징어게임 달고나 장인과 이런 인연이..?,"Oct 18, 2021",2,0.0092,0,6,0
nOsgpAMyhWs,[FULL] 김동연의 미래가 보이는 라디오 1화 첫방송 | 근황토크부터 오징어게임 달고나 장인 김동연? | 김동연TV,"Oct 15, 2021",4,0.1029,0,26,3.85
nfmHjdyyBag,국민들에게 받는 품질검사를 통과하지 못 한 거대 양당 후보,"Nov 11, 2021",3,0.0255,0,6,16.67
oAr2k4vzqSk,"여의도 셀럽 총출동! '새로운물결' 창당 발기인 대회 비하인드 + 햄버거 먹방🍔 (feat.이준석, 송영길 당대표) | 김동연TV","Nov 5, 2021",4,0.0898,0,26,3.85
oWkT8VRtFq8,"시장에서 제대로 소비가 되지 않으면, 투자도, 성장도 못합니다","Nov 3, 2021",3,0.0415,0,8,0
ouhx5FTih3o,대통령 예비후보 김동연 Ai아바타 윈디(winDY) 성탄절 메시지,"Dec 23, 2021",5,0.0504,0,93,4.3
qRO2xC4m8J4,안철수 대표도 시대교체의 대상 중 하나입니다 #Shorts,"Nov 4, 2021",5,0.0542,0,11,9.09
qZUOfuQqh2Y,[맞짱TALK 하이라이트] 지지자가 부르는 새물결의 '바람이 불어오는 곳' #김동연 #맞짱토크 #새로운물결 #연몽지대,"Jan 3, 2022",5,0.0846,0,105,3.81
qmg-6VrfbTw,[현장스케치]복지전문가의 대한노인회 간담회,"Dec 24, 2021",9,0.1265,0,306,1.63
rtDVKY8aILs,기득권도 깨고 달고나도 깨고,"Nov 4, 2021",6,0.0618,0,16,18.75
sPLZZm9miSw,"[특집] ""실학의 현대판이 필요하다"" 다산 정약용과 21세기형 '실학 21' (feat.윤종록 前차관)","Nov 18, 2021",7,0.1524,0,125,0.8
sPmkuuDHeaA,국가로부터 받은 덕을 국민들에게 돌려드리고 싶습니다,"Oct 15, 2021",1,0.0174,0,8,12.5
slA1ZqAFH7E,"[생명의 땅, 전남 투어] 광양・순천・여수를 다녀왔습니다 | 김동연TV","Nov 13, 2021",2,0.0624,0,27,3.7
syK7zenhvHs,만 17세에 처음 만났던 첫 직장 선배님과의 오랜만의 식사 (감동주의),"Nov 8, 2021",4,0.0591,0,22,9.09
u4HiPG7JhWY,"청년 여러분, 행복하셨으면 좋겠습니다","Dec 16, 2021",6,0.0127,0,24,0
uF-YRqAs_cA,김동연 대선 공약 : 소상공인 손실보상금 제대로 드리겠습니다. | 김동연TV,"Dec 20, 2021",17,1.0161,0,589,2.04
uG4nAWoAGcY,"그때 그영상 《2》 , 김동연VS나경원 일자리통계 설전","Oct 7, 2021",5,0.0341,0,8,25
uLmU7xM2lYY,봉사정치 #Shorts,"Dec 5, 2021",1,0.0049,0,16,0
uaxeDvnxURE,야잘알 김동연 #shorts,"Nov 15, 2021",33,0.3067,0,329,6.69
vYYNLvZo1LY,"[현장스케치] 김동연 대선 예비후보, 새해 첫 일정 - 민생을 만나다","Jan 1, 2022",6,0.0995,0,345,0.87
wZk5bL35uHo,[현장스케치]여의도 앞 붕어빵 장소,"Dec 24, 2021",9,0.1528,0,326,1.53
wanrmSLsgis,“공부 조금 덜 해도 좋다”  전 대학총장이 말하는 입시제도에 대한 생각 #shorts,"Sep 25, 2021",1,0.0124,0,8,0
wek2JcLpdXs,김동연 대통령 예비후보 새해인사,"Jan 31, 2022",25,0.289,0,865,2.08
wwgceOtQlx8,대변인  AI 아바타 AiDY(에이디),"Dec 7, 2021",5,0.0585,0,63,4.76
xEXKzczKIZA,세계은행에서 근무한 김동연 후보의 영어실력은? #shorts,"Nov 25, 2021",11,0.0946,0,20,15
xi4keRbAAzk,[하이라이트] 김동연이 대선에 나설 수 밖에 없는 이유 | KBS 더라이브 하이라이트 | 김동연TV,"Sep 15, 2021",14,1.4799,0,123,7.32
xp-4smAm0v4,결혼이야기 EP 1. 첫만남편 - 김동연의 흑심,"Dec 21, 2021",20,0.4615,0,138,10.14
y5vauk81Tu8,안철수 후보와 제3지대 단일화 하시나요?,"Nov 1, 2021",1,0.0166,0,7,14.29
yJOgC79e4KM,김동연 대통령선거 도전 관련 입장 발표 | 충북 음성군 음성읍 행정복지센터,"Sep 14, 2021",2,0.0205,0,41,4.88
ygww-DkX_Ac,[故 김영삼대통령 서거 6주기 추모식]김영삼대통령님의 뜻과 신념을 다시 한번 새기겠습니다 | 김동연TV,"Nov 27, 2021",2,0.0483,0,53,1.89
ysTvBwSsz2A,"그때 그영상 《1》 , 김동연VS심재철 #shorts","Oct 1, 2021",6,0.0835,0,8,37.5
zDcD6qUkgac,[100초만에 보는 충북 일정] 어릴 적 추억이 가득한 청주 육거리시장에 다녀왔습니다 | 김동연TV,"Oct 22, 2021",2,0.0437,0,19,0
-8VIK2and1E,[LIVE김동연]21.12.11 경기지구청년회의소 지구회원대회 참석,"Dec 11, 2021",,,,47,0
0EySY9-gdG0,"""대통령님, 커피값이 오르는데 커피 먹는 사람이 줄지 않겠습니까?"" (feat.최저임금인상)","Nov 2, 2021",,,,7,0
1k6q6hridiM,누군가는 국가를 위해서 제소리를 내야합니다,"Oct 14, 2021",,,,3,0
3aAkxqwpumc,김동연이 꼽은 대한민국 문제 1순위 ‘승자독식구조’ #Shorts,"Aug 9, 2021",,,,10,0
7HNtTTcHYLE,이재명 후보의 '기본시리즈' 대폭 수정해야,"Oct 1, 2021",,,,2,0
87_YwZryXDA,대장동 의혹이 생긴 이유 :  '기득권 카르텔' #shorts,"Oct 1, 2021",,,,3,0
8Fpqdirkzrg,"MZ세대와의 대화, 기성세대로서 반성하고 공감합니다 | 김동연TV","Oct 18, 2021",,,,17,0
9l-KBXrWxOY,부동산 '벼락거지'를 없애야 합니다,"Oct 5, 2021",,,,4,0
Aeg9ozDyc7o,"MZ세대의 분노, 기성세대로서 반성하고 공감","Oct 18, 2021",,,,11,0
QuRzLBQJsUM,우리의 진짜 문제는 무엇일까? (대한고등학교 이야기) #Shorts,"Aug 11, 2021",,,,8,0
V4-EoI8Ow-8,중요한 것은 정권교체가 아닌 정치세력의 교체입니다 ㅣ 김종배의 시선집중 출연 하이라이트 (2020.07.13.),"Aug 9, 2021",,,,2,0
WFBhsl4iogE,10월 25일 독도의 날 | 독도지킴이 반크(VANK) 여러분들을 만났습니다 | 김동연TV,"Oct 25, 2021",,,,45,0
_iWvT_AOLIA,정의당 당대표실에 예방해 여영국 대표를 만났습니다 | 김동연TV,"Nov 4, 2021",,,,60,0
eLhihJ2sDjw,"정치 변화의 중심 호남, 우리에게는 삼합의 정치가 필요합니다 #shorts","Nov 12, 2021",,,,20,0
eU8o6KSgDCU,대한민국이 직면한 세 가지 문제점은? #Shorts,"Aug 11, 2021",,,,10,0
jBPr1H1-vAs,"[수능특집] 3호 교육 공약 발표,  수능 2번 실시? & 20대 여성이 묻고 김동연이 답하다 | 김동연의 미보라 5화 | 김동연TV","Nov 22, 2021",,,,33,0
l-EF66T84BY,지금 대선 유력후보들은 나쁜남자 시리즈 #shorts,"Oct 8, 2021",,,,2,0
lxElJNtz05Q,"[2022 수능] 수험생 여러분, 수고하셨습니다! 여러분의 꿈과 미래를 응원합니다 | 김동연TV","Nov 17, 2021",,,,74,0
ngGy96ndcQY,"여수 현장실습생 사망사고, 우리 기성세대가 다같이 반성해야","Oct 18, 2021",,,,5,0
qv_-44ezyHA,남양주시 청년몰에 다녀왔습니다! | 이석영 신흥상회 | 김동연TV,"Sep 18, 2021",,,,23,0
rEeF9fBDqj0,현재 대선판에는 미래에 대한 이야기가 없습니다 #shorts,"Sep 28, 2021",,,,5,0
rGHYhcv5UxM,빌거지? 갑통알? 김동연이 풀어보는 2021 신조어 테스트 | 김동연TV,"Oct 6, 2021",,,,33,0
sKgedffteC0,정치 경험 없이는 정치를 할 수 없다?,"Oct 9, 2021",,,,5,0
uwpxiruP8U4,경장 : 묵은 제도를 개혁해 새롭게 한다 | 경장포럼 출범식 축사 | 김동연TV,"Oct 6, 2021",,,,13,0
vz7s7xFN5fg,"김동연의 추석인사 ""희망 잃지 마시고 따뜻한 추석 지내시길 바랍니다."" #Shorts","Sep 20, 2021",,,,7,0
wxGyQtOg5fs,"[수어통역 재업로드] 김동연 제 20대 대통령선거 출마 선언 | 새로운 10년, 조용한 혁명 [4K]","Sep 19, 2021",,,,16,0
xujlzj3zYfU,더불어민주당 당대표실에 예방해 송영길 대표를 만났습니다 | 김동연TV,"Nov 3, 2021",,,,14,0
zMDzT4AHoqA,김동연 대선 1호 공약 : 공공부문 부패 카르텔을 척결하겠습니다 | 공무원 개혁 03 | 김동연tv,"Oct 26, 2021",,,,19,0
zWU-ZfRjsKo,김동연이 제시하는 대한민국의 미래먹거리 |  『대한민국 금기깨기』 북 콘서트 2화 | 김동연tv,"Sep 13, 2021",,,,29,0
